P,D,µ,µP,µPD,P^(1/3),a,Q,D/a,Q/µP,DE(N-mm),Energy_ratio,Regime
25,0.005,0.1,2.5,0.0125,2.924017738,0.09369,2.49661,0.053367489,0.998644,0.0456,0.94,0
25,0.005,0.9,22.5,0.1125,2.924017738,0.09369,22.4473,0.053367489,0.997657778,0.3287,0.75,0
25,0.05,0.65,16.25,0.8125,2.924017738,0.09369,16.2322,0.533674885,0.998904615,3.08,0.97,0
50,0.005,0.1,5,0.025,3.684031499,0.11804,4.99196,0.042358523,0.998392,0.0892,0.92,0
50,0.005,0.9,45,0.225,3.684031499,0.11804,44.7985,0.042358523,0.995522222,0.5773,0.667,0
50,0.025,0.1,5,0.125,3.684031499,0.11804,4.9944,0.211792613,0.99888,0.47,0.97,0
50,0.025,0.25,12.5,0.3125,3.684031499,0.11804,12.4822,0.211792613,0.998576,1.19,0.97,0
50,0.025,0.45,22.5,0.5625,3.684031499,0.11804,22.4781,0.211792613,0.999026667,2.12,0.96,0
50,0.025,0.65,32.5,0.8125,3.684031499,0.11804,32.5057,0.211792613,1.000175385,2.95,0.95,0
50,0.025,0.8,40,1,3.684031499,0.11804,40.0374,0.211792613,1.000935,3.56,0.92,0
50,0.025,0.9,45,1.125,3.684031499,0.11804,45.0456,0.211792613,1.001013333,3.7299,0.9,0
50,0.05,0.4,20,1.125,3.684031499,0.11804,19.9923,0.423585225,0.999615,3.86,0.98,0
50,0.05,0.65,32.5,1.625,3.684031499,0.11804,32.595,0.423585225,1.002923077,6.18,0.96,0
50,0.05,0.9,45,2.25,3.684031499,0.11804,45.2185,0.423585225,1.004855556,8.4324,0.93,0
100,0.005,0.9,90,0.45,4.641588834,0.14872,89.9861,0.033620226,0.999845556,0.862,0.5022,0
100,0.025,0.1,10,0.25,4.641588834,0.14872,10.0283,0.16810113,1.00283,0.9275,0.97,0
100,0.025,0.9,90,2.25,4.641588834,0.14872,90.0807,0.16810113,1.000896667,7.2515,0.88,0
200,0.005,0.9,180,0.9,5.848035476,0.18737,166.264,0.026685168,0.923688889,0.968,0.314,1
200,0.025,0.1,20,0.5,5.848035476,0.18737,20.1881,0.133425842,1.009405,1.6914,0.95,0
400,0.005,0.1,40,0.2,7.368062997,0.23608,40.0531,0.021179261,1.0013275,0.6428,0.83,0
400,0.005,0.25,100,0.5,7.368062997,0.23608,99.8532,0.021179261,0.998532,1.2,0.62,0
400,0.005,0.9,360,1.8,7.368062997,0.23608,249.889,0.021179261,0.69,0.8762,0.19,2
400,0.025,0.1,40,1,7.368062997,0.23608,40.7201,0.105896306,1.0180025,3.3,0.93,0
600,0.005,0.1,60,0.3,8.434326653,0.27024,60.1014,0.018502072,1.00169,0.90125,0.78,0
600,0.005,0.25,150,0.75,8.434326653,0.27024,149.738,0.018502072,0.998253333,1.4529,0.498,0
600,0.005,0.45,270,1.35,8.434326653,0.27024,258.335,0.018502072,0.956796296,0.9843,0.203,1
600,0.005,0.9,540,2.7,8.434326653,0.27024,305.82,0.018502072,0.566333333,0.736,0.129,2
600,0.025,0.1,60,1.5,8.434326653,0.27024,61.4489,0.092510361,1.024148333,4.9165,0.91,0
50,0.001,0.1,5,0.005,3.684031499,0.11804,4.99164,0.008471705,0.998328,0.0139,0.72,0
600,0.001,0.25,150,0.15,8.434326653,0.27024,63.0989,0.003700414,0.420659333,0.00308,0.0129,2
400,0.001,0.25,100,0.1,7.368062997,0.23608,53.2101,0.004235852,0.532101,0.00388,0.019,2
25,0.001,0.25,6.25,0.00625,2.924017738,0.09369,6.24105,0.010673498,0.998568,0.0145,0.6,0
600,0.001,0.4,240,0.24,8.434326653,0.27024,61.7264,0.003700414,0.257193333,0.00403,0.0171,2
400,0.001,0.4,160,0.16,7.368062997,0.23608,52.8248,0.004235852,0.330155,0.00375,0.0187,2
200,0.001,0.4,80,0.08,5.848035476,0.18737,39.6905,0.005337034,0.49613125,0.00398,0.026,2
600,0.001,0.65,390,0.39,8.434326653,0.27024,62.7636,0.003700414,0.160932308,0.0036,0.015,2
400,0.001,0.65,260,0.26,7.368062997,0.23608,54.0391,0.004235852,0.207842692,0.00312,0.015,2
200,0.001,0.65,130,0.13,5.848035476,0.18737,41.2677,0.005337034,0.317443846,0.00279,0.02,2
100,0.001,0.65,65,0.065,4.641588834,0.14872,30.7715,0.006724045,0.473407692,0.00308,0.03,2
600,0.001,0.9,540,0.54,8.434326653,0.27024,63.2211,0.003700414,0.117076111,0.00351,0.015,2
400,0.001,0.9,360,0.36,7.368062997,0.23608,54.5564,0.004235852,0.151545556,0.00285,0.014,2
200,0.001,0.9,180,0.18,5.848035476,0.18737,41.9247,0.005337034,0.232915,0.00239,0.015,2
100,0.001,0.9,90,0.09,4.641588834,0.14872,31.6892,0.006724045,0.352102222,0.00238,0.02,2
50,0.001,0.9,45,0.045,3.684031499,0.11804,24.1822,0.008471705,0.537382222,0.00245,0.03,2
600,0.01,0.1,60,0.6,8.434326653,0.27024,60.483,0.037004144,1.00805,1.973,0.85,0
400,0.01,0.1,40,0.4,7.368062997,0.23608,40.2347,0.042358523,1.0058675,1.4356,0.92,0
200,0.01,0.1,20,0.2,5.848035476,0.18737,20.047,0.053370337,1.00235,0.717,0.94,0
100,0.01,0.1,10,0.1,4.641588834,0.14872,9.99769,0.067240452,0.999769,0.366,0.96,0
50,0.01,0.1,5,0.05,3.684031499,0.11804,4.99249,0.084717045,0.998498,0.185,0.97,0
25,0.01,0.1,2.5,0.025,2.924017738,0.09369,2.49668,0.106734977,0.998672,0.0928,0.97,0
100,0.01,0.25,25,0.25,4.641588834,0.14872,24.9719,0.067240452,0.998876,0.86918,0.92,0
50,0.01,0.25,12.5,0.125,3.684031499,0.11804,12.4793,0.084717045,0.998344,0.446,0.94,0
25,0.01,0.25,6.25,0.0625,2.924017738,0.09369,6.24108,0.106734977,0.9985728,0.228,0.96,0
600,0.01,0.4,240,2.4,8.434326653,0.27024,239.46,0.037004144,0.99775,5.719,0.62,0
400,0.01,0.4,160,1.6,7.368062997,0.23608,159.662,0.042358523,0.9978875,4.15027,0.69,0
200,0.01,0.4,80,0.8,5.848035476,0.18737,79.8922,0.053370337,0.9986525,2.43,0.79,0
100,0.01,0.4,40,0.4,4.641588834,0.14872,39.9438,0.067240452,0.998595,1.23,0.8,0
50,0.01,0.4,20,0.2,3.684031499,0.11804,19.9639,0.084717045,0.998195,0.625,0.87,0
25,0.01,0.4,10,0.1,2.924017738,0.09369,9.98439,0.106734977,0.998439,0.354,0.92,0
600,0.01,0.9,540,5.4,8.434326653,0.27024,446.214,0.037004144,0.826322222,6.455,0.36,1
400,0.01,0.9,360,3.6,7.368062997,0.23608,341.481,0.042358523,0.948558333,5.71,0.41,1
200,0.01,0.9,180,1.8,5.848035476,0.18737,181.047,0.053370337,1.005816667,4.242,0.63,0
100,0.01,0.9,90,0.9,4.641588834,0.14872,89.4961,0.067240452,0.994401111,2.47,0.73,0
50,0.01,0.9,45,0.45,3.684031499,0.11804,44.8481,0.084717045,0.996624444,1.339,0.77,0
25,0.01,0.9,22.5,0.225,2.924017738,0.09369,22.4589,0.106734977,0.998173333,0.7532,0.88,0
25,0.015,0.9,22.5,0.3375,2.924017738,0.09369,22.4706,0.160102466,0.998693333,1.2014,0.91,0
50,0.0125,0.65,32.5,0.40625,3.684031499,0.11804,32.4471,0.105896306,0.998372308,1.3064,0.87,0
25,0.0125,0.9,22.5,0.28125,2.924017738,0.09369,22.4615,0.133418721,0.998288889,0.9474,0.92,0
25,0.0125,0.1,2.5,0.03125,2.924017738,0.09369,2.49665,0.133418721,0.99866,0.116,0.98,0
25,0.0125,0.65,16.25,0.203125,2.924017738,0.09369,16.2214,0.133418721,0.99824,0.6971,0.93,0
50,0.015,0.05,2.5,0.0375,3.684031499,0.11804,2.49703,0.127075568,0.998812,0.1391,0.97,0
50,0.0125,0.05,2.5,0.03125,3.684031499,0.11804,2.49679,0.105896306,0.998716,0.1159,0.98,0
50,0.0125,0.1,5,0.0625,3.684031499,0.11804,4.99283,0.105896306,0.998566,0.2319,0.97,0
50,0.0125,0.65,32.5,0.40625,3.684031499,0.11804,32.4471,0.105896306,0.998372308,1.3064,0.87,0
100,0.0125,0.9,90,1.125,4.641588834,0.14872,89.5054,0.084050565,0.994504444,3.4107,0.83,0
100,0.0125,0.65,65,0.8125,4.641588834,0.14872,64.8273,0.084050565,0.997343077,2.67534,0.85,0
100,0.0125,0.1,10,0.125,4.641588834,0.14872,10.0023,0.084050565,1.00023,0.4634,0.97,0
200,0.0125,0.1,20,0.25,5.848035476,0.18737,20.0721,0.066712921,1.003605,0.90849,0.95,0
200,0.0125,0.65,130,1.625,5.848035476,0.18737,129.397,0.066712921,0.995361538,5.0358,0.78,0
200,0.0125,0.9,180,2.25,5.848035476,0.18737,180.886,0.066712921,1.004922222,6.2504,0.71,0
400,0.0125,0.9,360,4.5,7.368062997,0.23608,362.562,0.052948153,1.007116667,9.4563,0.57,0
600,0.0125,0.65,390,4.875,8.434326653,0.27024,478.303,0.046255181,1.226417949,10.9017,0.49,0
600,0.0125,0.1,60,0.75,8.434326653,0.27024,60.6609,0.046255181,1.011015,2.6247,0.91,0
600,0.0125,0.9,540,6.75,8.434326653,0.27024,478.303,0.046255181,0.885746296,10.5355,0.44,1
50,0.0075,0.9,45,0.3375,3.684031499,0.11804,44.8216,0.063537784,0.996035556,0.9624,0.75,0
100,0.0075,0.9,90,0.675,4.641588834,0.14872,89.7025,0.050430339,0.996694444,1.7264,0.67,0
200,0.0075,0.9,180,1.35,5.848035476,0.18737,180.087,0.040027753,1.000483333,2.5655,0.5,0
400,0.0075,0.9,360,2.7,7.368062997,0.23608,311.641,0.031768892,0.865669444,3.03645,0.35,1
600,0.0075,0.9,540,4.05,8.434326653,0.27024,397.515,0.027753108,0.736138889,3.0827,0.2812,1
25,0.0075,0.9,22.5,0.16875,2.924017738,0.09369,22.4512,0.080051233,0.997831111,0.4718,0.79,0
25,0.003,0.1,2.5,0.0075,2.924017738,0.09369,2.49661,0.032020493,0.998644,0.02548,0.87,0
50,0.003,0.1,5,0.015,3.684031499,0.11804,4.99182,0.025415114,0.998364,0.05,0.87,0
100,0.003,0.1,10,0.03,4.641588834,0.14872,9.98538,0.020172136,0.998538,0.1011,0.8673,0
200,0.003,0.1,20,0.06,5.848035476,0.18737,19.9817,0.016011101,0.999085,0.18735,0.8,0
400,0.003,0.1,40,0.12,7.368062997,0.23608,39.983,0.012707557,0.999575,0.33821,0.72,0
600,0.003,0.1,60,0.18,8.434326653,0.27024,59.9944,0.011101243,0.999906667,0.4568,0.65,0
25,0.003,0.65,16.25,0.04875,2.924017738,0.09369,16.2191,0.032020493,0.998098462,0.13,0.69,0
50,0.003,0.65,32.5,0.0975,3.684031499,0.11804,32.409,0.025415114,0.9972,0.204,0.5439,0
400,0.003,0.65,260,0.78,7.368062997,0.23608,161.641,0.012707557,0.621696154,0.123,0.0677,2
600,0.003,0.65,390,1.17,8.434326653,0.27024,192.892,0.011101243,0.494594872,0.09425,0.0436,2
25,0.003,0.9,22.5,0.0675,2.924017738,0.09369,22.4428,0.032020493,0.997457778,0.157,0.6,0
100,0.003,0.9,90,0.27,4.641588834,0.14872,83.0617,0.020172136,0.922907778,0.2,0.21,1
200,0.003,0.9,180,0.54,5.848035476,0.18737,122.616,0.016011101,0.6812,0.14,0.1,2
400,0.003,0.9,360,1.08,7.368062997,0.23608,166.661,0.012707557,0.462947222,0.095,0.05,2
600,0.003,0.9,540,1.62,8.434326653,0.27024,197.84,0.011101243,0.36637037,0.075,0.03,2
200,0.001,0.8,160,0.16,5.848035476,0.18737,40.8229,0.005337034,0.255143125,0.0011,0.0067,2
400,0.001,0.8,320,0.32,7.368062997,0.23608,53.5909,0.004235852,0.167471563,0.0007,0.0065,2
600,0.001,0.8,480,0.48,8.434326653,0.27024,62.6606,0.003700414,0.130542917,0.0009,0.0075,2
50,0.001,0.65,32.5,0.0325,3.684031499,0.11804,22.6267,0.008471705,0.696206154,0.0033,0.03,2
600,0.01,0.8,480,4.8,8.434326653,0.27024,443.671,0.037004144,0.924314583,7.1758,0.4043,1
400,0.01,0.8,320,3.2,7.368062997,0.23608,322.068,0.042358523,1.0064625,6.4389,0.4998,0
200,0.005,0.8,160,0.8,5.848035476,0.18737,157.118,0.026685168,0.9819875,0.995509,0.31,1
500,0.01,0.8,400,4,7.93700526,0.26029,392.888,0.038418687,0.98222,7.28088,0.449,1
500,0.01,0.9,450,4.5,7.93700526,0.26029,411.604,0.038418687,0.914675556,6.8944,0.418,1
300,0.005,0.9,270,1.35,6.694329501,0.2195,214.392,0.022779043,0.794044444,0.9886,0.23,1
300,0.005,0.8,240,1.2,6.694329501,0.2195,207.233,0.022779043,0.863470833,1.015,0.24,1
